{
  "project_info": {
    "project_number": "893738605163",
    "firebase_url": "https://phototur-6b141.firebaseio.com",
    "project_id": "phototur-6b141",
    "storage_bucket": "phototur-6b141.appspot.com"
  },
  "client": [
    {
      "client_info": {
        "mobilesdk_app_id": "1:893738605163:android:3424a12587655cfb522f2e",
        "android_client_info": {
          "package_name": "com.example.phototur"
        }
      },
      "oauth_client": [
        {
          "client_id": "893738605163-tnvmi2fdkm11pel4a9kqc8i4oh3v60og.apps.googleusercontent.com",
          "client_type": 3
        }
      ],
      "api_key": [
        {
          "current_key": "AIzaSyBK5eAvyvuPPwtu8p6gAeZg4kcYMNJf6cs"
        }
      ],
      "services": {
        "appinvite_service": {
          "other_platform_oauth_client": [
            {
              "client_id": "893738605163-tnvmi2fdkm11pel4a9kqc8i4oh3v60og.apps.googleusercontent.com",
              "client_type": 3
            }
          ]
        }
      }
    }
  ],
  "configuration_version": "1"
}